{
  "components/halothemes/home/halo-productBlock1": "{{#if theme_settings.homeProd_1 '==' 'Featured'}}\n    {{> components/products/featured\n        products=products.featured\n        productsnew=products.new\n        title=theme_settings.homeProd_1_title\n        block_id=\"halo-product-block-1\"\n        block_limit=theme_settings.homeProd_limit\n        block_column_mb=theme_settings.cardProd_colMob\n        block_column_tb=theme_settings.cardProd_colTab\n        block_column=theme_settings.cardProd_col\n        block_layout=theme_settings.homeProd_1_layout\n    }}\n{{else if theme_settings.homeProd_1 '==' 'New'}}\n    {{> components/products/new\n        products=products.new\n        productsnew=products.new\n        title=theme_settings.homeProd_1_title\n        block_id=\"halo-product-block-1\"\n        block_limit=theme_settings.homeProd_limit\n        block_column_mb=theme_settings.cardProd_colMob\n        block_column_tb=theme_settings.cardProd_colTab\n        block_column=theme_settings.cardProd_col\n        block_layout=theme_settings.homeProd_1_layout\n    }}\n{{else if theme_settings.homeProd_1 '==' 'Top'}}\n    {{> components/products/top\n        products=products.top_sellers\n        productsnew=products.new\n        title=theme_settings.homeProd_1_title\n        block_id=\"halo-product-block-1\"\n        block_limit=theme_settings.homeProd_limit\n        block_column_mb=theme_settings.cardProd_colMob\n        block_column_tb=theme_settings.cardProd_colTab\n        block_column=theme_settings.cardProd_col\n        block_layout=theme_settings.homeProd_1_layout\n    }}\n{{/if}}\n",
  "components/products/top": "<div class=\"halo-block halo-block-product pos-relative arrow-custom-center-center\" id=\"{{block_id}}\" data-halo-load=\"animation\">\n    <div class=\"container container-1600\">\n        <div class=\"halo-block-header o-h\">\n            {{#if title}}\n                <h2 class=\"title d-inline-block halo-fadeInUp\">{{title}}</h2>\n            {{/if}}\n        </div>\n        {{#if block_layout}}\n            {{> components/products/carousel\n                products=products\n                productsnew=productsnew\n                block_limit=block_limit\n                block_column=block_column\n                list=\"Most Popular Products\"\n            }}\n        {{else}}\n            {{> components/products/no-carousel\n                products=products\n                productsnew=productsnew\n                block_limit=block_limit\n                block_column=block_column\n                list=\"Most Popular Products\"\n            }}\n        {{/if}}\n    </div>\n</div>\n{{#if page_type '==' 'default'}}\n    {{{region name=\"home_below_top_products\"}}}\n{{else}}\n    {{{region name=\"block_below_top_products\"}}}\n{{/if}}\n\n",
  "components/products/new": "<div class=\"halo-block halo-block-product pos-relative arrow-custom-center-center\" id=\"{{block_id}}\" data-halo-load=\"animation\">\n    <div class=\"container container-1600\">\n        <div class=\"halo-block-header o-h\">\n            {{#if title}}\n                <h2 class=\"title d-inline-block halo-fadeInUp\">{{title}}</h2>\n            {{/if}}\n        </div>\n        {{#if block_layout}}\n            {{> components/products/carousel\n                products=products\n                productsnew=productsnew\n                block_limit=block_limit\n                block_column=block_column\n                list=\"New Products\"\n            }}\n        {{else}}\n            {{> components/products/no-carousel\n                products=products\n                productsnew=productsnew\n                block_limit=block_limit\n                block_column=block_column\n                list=\"New Products\"\n            }}\n        {{/if}}\n    </div>\n</div>\n{{#if page_type '==' 'default'}}\n    {{{region name=\"home_below_new_products\"}}}\n{{else}}\n    {{{region name=\"block_below_new_products\"}}}\n{{/if}}\n",
  "components/products/featured": "<div class=\"halo-block halo-block-product pos-relative arrow-custom-center-center\" id=\"{{block_id}}\" data-halo-load=\"animation\">\n    <div class=\"container container-1600\">\n        <div class=\"halo-block-header o-h\">\n            {{#if title}}\n                <h2 class=\"title d-inline-block halo-fadeInUp\">{{title}}</h2>\n            {{/if}}\n        </div>\n        {{#if block_layout}}\n            {{> components/products/carousel\n                products=products\n                productsnew=productsnew\n                block_limit=block_limit\n                block_column=block_column\n                list=\"Featured Products\"\n            }}\n        {{else}}\n            {{> components/products/no-carousel\n                products=products\n                productsnew=productsnew\n                block_limit=block_limit\n                block_column=block_column\n                list=\"Featured Products\"\n            }}\n        {{/if}}\n    </div>\n</div>\n{{#if page_type '==' 'default'}}\n    {{{region name=\"home_below_featured_products\"}}}\n{{else}}\n    {{{region name=\"block_below_featured_products\"}}}\n{{/if}}\n",
  "components/products/no-carousel": "\n",
  "components/products/carousel": "<section class=\"productCarousel haloSwiper pos-relative p-b-38-mb o-h\"\n    data-list-name=\"{{list}}\"\n    data-per-view-mob=\"{{block_column_mb}}\" \n    data-per-view-tab=\"{{block_column_tb}}\" \n    data-per-view-des=\"{{block_column}}\" \n    data-swiper-nav-des=\"true\" \n    data-swiper-pag-mob=\"true\" \n    data-swiper-space-tab=\"20\"\n    data-swiper-space-des=\"30\"\n>\n    <div class=\"swiper-wrapper disable-srollbar\">\n        {{#each (limit products block_limit)}}\n            <div data-product-slide class=\"productCarousel-slide swiper-slide\">\n                {{> components/products/card settings=../settings theme_settings=../theme_settings show_compare=true show_rating=../settings.show_product_rating customer=../customer productsnew=../productsnew event=\"list\" position=(add @index 1)}}\n            </div>\n        {{/each}}\n    </div>\n    <div class=\"swiper-pagination\"></div>\n</section>\n<div class=\"swiper-button-prev arrow-custom\">\n    <div class=\"icon-wrap pos-relative o-h d-flex j-c-center a-i-center w-100 h-100\">\n        <i class=\"icon-inner icon-fr w-100 h-100\">\n            <svg><use href=\"#icon-arrow-prev\"></use></svg>\n        </i>\n        <i class=\"icon-inner icon-sec pos-absolute w-100 h-100\">\n            <svg><use href=\"#icon-arrow-prev\"></use></svg>\n        </i>\n    </div>\n</div>\n<div class=\"swiper-button-next arrow-custom\">\n    <div class=\"icon-wrap pos-relative o-h d-flex j-c-center a-i-center w-100 h-100\">\n        <i class=\"icon-inner icon-fr w-100 h-100\">\n            <svg><use href=\"#icon-arrow-next\"></use></svg>\n        </i>\n        <i class=\"icon-inner icon-sec pos-absolute w-100 h-100\">\n            <svg><use href=\"#icon-arrow-next\"></use></svg>\n        </i>\n    </div>\n</div>\n",
  "components/products/card": "<article\n    class=\"card{{#if alternate}} card--alternate{{/if}}{{#all (if images.length '>=' 2) (if theme_settings.halo_card_image_swap)}} card-hover{{/all}}\"\n    data-test=\"card-{{id}}\"\n    data-product-id=\"{{id}}\"\n    data-event-type=\"{{event}}\"\n    data-entity-id=\"{{id}}\"\n    data-position=\"{{position}}\"\n    data-name=\"{{name}}\"\n    data-product-category=\"\n    {{#each category}}\n        {{#if @last}}\n            {{this}}\n        {{else}}\n            {{this}},\n        {{/if}}\n    {{/each}}\"\n    data-product-brand=\"{{brand.name}}\"\n    data-product-price=\"\n    {{#or customer (unless settings.hide_price_from_guests)}}\n        {{#if price.with_tax}}\n            {{price.with_tax.value}}\n        {{else}}\n            {{price.without_tax.value}}\n        {{/if}}\n    {{else}}\n        {{lang 'common.login_for_pricing'}}\n    {{/or}}\"\n    data-halo-load=\"animation\"\n>\n    <figure class=\"card-figure\">\n        {{> components/products/product-badge productsnew=productsnew}}\n\n        <a href=\"{{url}}\"\n           class=\"card-figure__link pos-relative\"\n           aria-label=\"{{> components/products/product-info}}\"\n           data-event-type=\"product-click\"\n        >\n            <div class=\"card-img-container halo-fadeZoom\">\n                {{> components/common/responsive-img\n                    image=image\n                    class=\"card-image active w-100\"\n                    fallback_size=theme_settings.productgallery_size\n                    lazyload=theme_settings.lazyload_mode\n                    default_image=theme_settings.default_image_product\n                }}\n                {{#all (if images.length '>=' 2) (if theme_settings.halo_card_image_swap)}}\n                    {{#each images}}\n                        {{#or (if @index '==' 1) (if @index '==' 2) (if @index '==' 3)}}\n                            <span class=\"card-image card-image-hover\">\n                                {{> components/common/responsive-img\n                                    image=this\n                                    class=\"w-100\"\n                                    fallback_size=../theme_settings.productgallery_size\n                                    lazyload=../theme_settings.lazyload_mode\n                                    default_image=../theme_settings.default_image_product\n                                }}\n                            </span>\n                        {{/or}}\n                    {{/each}}\n                {{/all}}\n            </div>\n        </a>\n        <figcaption class=\"card-figcaption d-block\">\n            <div class=\"card-figcaption-body e-all d-flex a-i-end j-c- f-column w-100 h-100\">\n                {{#all settings.show_wishlist theme_settings.show_wishlist}}\n                    <a href=\"/wishlist.php?action=add&product_id={{id}}\" class=\"item-action wishlist{{#if theme_settings.show_product_wishlist_mobile}} show-mobile{{/if}} m-b-8 z-index-1\" data-product-id=\"{{id}}\" aria-label=\"Add to Wish List\">\n                        <span class=\"text form-option-tooltip f-size-tiny d-none\">{{lang 'products.wishlist'}}</span>\n                        <svg class=\"icon\"><use xlink:href=\"#icon-add-wishlist\"/></svg>\n                    </a>\n                {{/all}}\n                {{#unless hide_product_quick_view}}\n                    {{#if theme_settings.show_product_quick_view}}\n                        <button type=\"button\" class=\"item-action quickview button--quickview d-none-tb p-0 m-b-8 z-index-1\" data-event-type=\"product-click\" data-product-id=\"{{id}}\" aria-label=\"{{lang 'products.quick_view'}}\">\n                            <svg class=\"icon\"><use xlink:href=\"#icon-quickview\"/></svg>\n                        </button>\n                    {{/if}}\n                {{/unless}}\n                {{#all show_compare theme_settings.show_compare}}\n                    <label class=\"item-action button--compare d-none-tb c-pointer z-index-1\" for=\"compare-{{id}}\" aria-label=\"{{lang 'products.compare'}}\">\n                        <input class=\"d-none\" type=\"checkbox\" name=\"products[]\" value=\"{{id}}\" id=\"compare-{{id}}\" data-compare-id=\"{{id}}\">\n                        <svg class=\"icon\"><use xlink:href=\"#icon-compare\"/></svg>\n                    </label>\n                {{/all}}\n                <a class=\"link-image pos-absolute left-0 top-0 w-100 h-100\" href=\"{{url}}\" aria-label=\"{{name}}\">\n                    {{#all (if images.length '>=' 2) (if theme_settings.halo_card_image_swap)}}\n                        <div class=\"hover-sections\">\n                            {{#each images}}\n                                {{#if @index '==' 1}}\n                                    <div class=\"hover-section section-{{@index}}\"></div>\n                                {{/if}}\n                                {{#if @index '==' 2}}\n                                    <div class=\"hover-section section-{{@index}}\"></div>\n                                {{/if}}\n                                {{#if @index '==' 3}}\n                                    <div class=\"hover-section section-{{@index}}\"></div>\n                                {{/if}}\n                            {{/each}}\n                        </div>\n                    {{/all}}\n                </a>\n            </div>\n            {{#or customer (unless settings.hide_price_from_guests)}}\n                {{#if show_cart_action}}\n                    {{#if has_options}}\n                        <a href=\"{{url}}\" data-event-type=\"product-click\" class=\"card-figcaption-button button button--tertiary d-inline-block button e-all pos-absolute left-0\" data-product-id=\"{{id}}\" aria-label=\"{{lang 'products.choose_options'}}\">\n                            <span class=\"text f-size-large f-root-tb f-size-tiny-mb f-semibold\">{{lang 'products.choose_options'}}</span>\n                        </a>\n                    {{/if}}\n                    {{#if pre_order}}\n                        <a href=\"{{pre_order_add_to_cart_url}}\" data-event-type=\"product-click\" class=\"card-figcaption-button button button--tertiary d-inline-block button e-all pos-absolute left-0\" aria-label=\"{{lang 'products.pre_order'}}\">\n                            <span class=\"text f-size-large f-root-tb f-size-tiny-mb f-semibold\">{{lang 'products.pre_order'}}</span>\n                        </a>\n                    {{/if}}\n                    {{#if add_to_cart_url }}\n                        <a href=\"{{add_to_cart_url}}\" {{#unless theme_settings.haloAjaxAddToCart}}data-event-type=\"product-click\"{{/unless}} data-button-type=\"add-cart\" class=\"card-figcaption-button button button--tertiary d-inline-block button e-all pos-absolute left-0 halo-add-to-cart\" data-product-id=\"{{id}}\" data-wait-message=\"{{lang 'products.adding_to_cart'}}\" aria-label=\"{{lang 'products.add_to_cart'}}\">\n                            <span class=\"text f-size-large f-root-tb f-size-tiny-mb f-semibold\">{{lang 'products.add_to_cart'}}</span>\n                        </a>\n                        <span class=\"product-status-message aria-description--hidden\">{{lang 'category.add_cart_announcement'}}</span>\n                    {{/if}}\n                    {{#if out_of_stock_message }}\n                        <a href=\"{{url}}\" data-event-type=\"product-click\" class=\"card-figcaption-button button button--tertiary d-inline-block button e-all pos-absolute left-0 button--outOfStock\" data-product-id=\"{{id}}\" aria-label=\"{{out_of_stock_message}}\">\n                            <span class=\"text f-size-large f-root-tb f-size-tiny-mb f-semibold\">{{out_of_stock_message}}</span>\n                        </a>\n                    {{/if}}\n                {{/if}}\n            {{/or}}\n        </figcaption>\n    </figure>\n    <div class=\"card-body\">\n        <div class=\"card-info\">\n            {{#all brand.name theme_settings.show_brand}}\n                <p class=\"card-brand color-secondary f-size-small f-size-tiny-tb f-size-mini-mb m-b-8\" data-test-info-type=\"brandName\">{{brand.name}}</p>\n            {{/all}}\n            <a class=\"card-title f-semibold f-root f-size-small-tb f-size-tiny-mb w-s-normal m-b-8\" aria-label=\"{{> components/products/product-info}}\" href=\"{{url}}\" data-event-type=\"product-click\">{{name}}<span class=\"card-name\"></span></a>\n            {{#all show_rating theme_settings.show_rating}}\n                <p class=\"card-text m-b-8\" data-test-info-type=\"productRating\">\n                    <span class=\"rating--small\">\n                        {{> components/products/ratings rating_target=name rating=rating}}\n                    </span>\n                </p>\n            {{/all}}\n            {{#if summary}}\n                <div class=\"card-desc m-b-8 f-size-small\">{{{summary}}}</div>\n            {{/if}}\n            {{> components/products/bulk-discount-rates}}\n        </div>\n        <div class=\"card-text m-b-8 f-root\" data-test-info-type=\"price\">\n            {{#or customer (unless settings.hide_price_from_guests)}}\n                {{> components/products/price price=price price-range-custom=true}}\n            {{else}}\n                {{> components/common/login-for-pricing}}\n            {{/or}}\n        </div>\n        <div class=\"halo-options card-option card-option-{{id}}\">\n            {{#if theme_settings.haloAddOptionForProduct}}\n                <div class=\"form-field m-0\"></div>\n            {{/if}}\n        </div>\n    </div>\n</article>\n",
  "components/products/product-badge": "{{#if theme_settings.halo_label_product}}\n    <div class=\"halo-badges left\">\n        {{#each productsnew}}\n            {{#if id '==' ../id}}\n                <div class=\"new-badge halo-badge center\">\n                    <span class=\"text f-root f-size-small-tb f-size-tiny-mb\">{{lang 'products.new_label'}}</span>\n                </div>\n            {{/if}}\n        {{/each}}\n        {{#or price.non_sale_price_with_tax price.non_sale_price_without_tax}}\n            <div class=\"sale-badge halo-badge center\">\n                {{#if theme_settings.sale_badges_type '==' 'percent'}}\n                    {{#if price.non_sale_price_with_tax}}\n                        <span class=\"text f-root f-size-small-tb f-size-tiny-mb\">{{lang 'products.sale_label'}}{{round (subtract 100 (multiply (divide price.with_tax.value price.non_sale_price_with_tax.value) 100)) 0}}%</span>\n                    {{/if}}\n                    {{#if price.non_sale_price_without_tax}}\n                        <span class=\"text f-root f-size-small-tb f-size-tiny-mb\">{{lang 'products.sale_label'}}{{round (subtract 100 (multiply (divide price.without_tax.value price.non_sale_price_without_tax.value) 100)) 0}}%</span>\n                    {{/if}}\n                {{else}}\n                    <span class=\"text f-root f-size-small-tb f-size-tiny-mb\">{{lang 'products.badge_sale'}}</span>\n                {{/if}}\n            </div>\n        {{/or}}\n        {{#each custom_fields}}\n            {{#if name '===' '__customlabel'}}\n                <div class=\"custom-badge halo-badge center\">\n                    <span class=\"text f-root f-size-small-tb f-size-tiny-mb\">{{{value}}}</span>\n                </div>\n            {{/if}}\n        {{/each}}\n        {{#if out_of_stock_message}}\n            <div class=\"soldOut-badge halo-badge center\">\n                <span class=\"text f-root f-size-small-tb f-size-tiny-mb\">{{lang 'products.sold_out'}}</span>\n            </div>\n        {{/if}}\n    </div>\n{{/if}}\n",
  "components/products/product-info": "{{#or customer (unless settings.hide_price_from_guests)}}\n{{name}}, {{> components/products/product-aria-label}}\n{{else}}\n{{name}}\n{{/or}}\"\n",
  "components/common/responsive-img": "{{!--\nThis file implements the lazysizes srcset pattern (as seen on\nhttps://github.com/aFarkas/lazysizes#modern-transparent-srcset-pattern) for maximum performance on modern browsers\nand reasonable compatibility with legacy browsers.\n\nThere are a few important arguments to know about when using this component:\n`lazyload`:\n    - If set to 'lazyload+lqip', will load a low-res image which will be replaced by lazysizes - ensuring that SOME\n    content is shown immediately on page load. Without LQIP, a transparent gif will be used instead, which reduces\n    the number of requests needed to load the page, making it even faster.\n    - If set to 'lazyload', the browser will not load the full-size image at first, instead the lazysizes plugin will\n        load it progressively after page load. This improves the load speed of the page, but it should be disabled for\n        high-priority above-the-fold images.\n    - If set to 'disabled', will not attempt to lazyload the image and instead tell the browser to load it immediately.\n        Use this for high-priority images that are above the fold.\n\n`fallback_size`:\n    This is the size to use for this image in legacy browsers that do not support srcset.\n    Can be defined as a pixel bounding-box size (e.g. \"123x123) or inherent width (e.g. \"123w\").\n\n`class`:\n    The CSS classes to add to the image, e.g. \"card-image\". If lazyloading is enabled, all images will have the\n    \"lazyload\" class so that lazysizes will target them automatically.\n\n`otherAttributes`:\n    Any other HTML attributes you want on the img tag, for example \"height='100' width='100'\"\n\n`default_image`:\n    The default image to use if `image` is undefined or falsy. Should be a theme asset, usually defined as a relative\n    path in the theme config. If a default image is not provided, you'll get an image tag with no image if the primary\n    image is undefined.\n\n`lqip_size`:\n    If you want to specify a particular size for the LQIP image, you can do so with this argument. A default of 80\n    pixels wide will be used otherwise. This argument has no effect if the lazyload mode is not \"lazyload+lqip\".\n\n--}}\n<img {{#if image}}{{!-- Get the default image for legacy browsers that do not support srcset\n--}}width=\"{{default lqip_size '80w'}}\" height=\"{{default lqip_size '80w'}}\" src=\"{{getImageSrcset image 1x=(default fallback_size '160w')}}\" alt=\"{{image.alt}}\" title=\"{{image.alt}}\" {{!--\n    Allow lazysizes to generate the 'sizes' attribute automatically --}}data-sizes=\"auto\"\n    {{#unless lazyload '==' 'disabled'}}\n    {{#if lazyload '==' 'lazyload+lqip'}}\n    {{!-- If we want a LQIP, include it as the default srcset (will be overwritten by lazysizes) --}}\n    srcset=\"{{getImageSrcset image 1x=(default lqip_size '80w')}}\"\n    {{else}}\n        {{!-- If we don't want a LQIP, use a 1px transparent gif for the stand-in image\n            This requires no additional network request, so it's fast --}}\n    srcset=\"data:image/gif;base64,R0lGODlhAQABAIAAAP///wAAACH5BAEAAAAALAAAAAABAAEAAAICRAEAOw==\"\n    {{/if}}\n{{/unless}}\n{{!-- If lazyloading is disabled, just use \"srcset\". If it is not disabled, use \"data-srcset\" so lazysizes will use\n        this after page load --}}\n{{!--\nGenerate the srcset string using the default sizes defined in the helper. This will allow the browser to\npick the best-sized image based on its own understanding of how it will render the page.\n--}}\n{{#unless lazyload '==' 'disabled'}}data-{{/unless}}srcset=\"{{getImageSrcset image 1x=fallback_size }}\"\n{{else if default_image}}src=\"{{cdn default_image}}\" alt=\"{{lang 'products.card_default_image_alt'}}\"{{/if}}\nclass=\"{{#unless lazyload '==' 'disabled'}}lazyload{{/unless}}{{#if class}} {{class}}{{/if}}\"\n{{#if lazyload '==' 'lazyload'}}loading=\"lazy\"{{/if}}\n{{otherAttributes}} />    \n",
  "components/products/bulk-discount-rates": "{{#if bulk_discount_rates.length}}\n    {{#if product}}<dt class=\"productView-info-name\">{{lang 'products.bulk_pricing.title'}}</dt>{{/if}}\n    <dd class=\"productView-info-value\">\n        <a href=\"{{product.url}}#bulk_pricing\"\n           {{#unless is_ajax }}data-reveal-id=\"modal-bulk-pricing\"{{/unless}}>\n            {{lang 'products.bulk_pricing.view'}}\n        </a>\n    </dd>\n    <div id=\"modal-bulk-pricing\" class=\"modal modal--small\" data-reveal>\n        <div class=\"modal-header\">\n            <h2 class=\"modal-header-title\">{{lang 'products.bulk_pricing.modal_title'}}</h2>\n            {{> components/common/modal/modal-close-btn}}\n        </div>\n        <div class=\"modal-body\">\n            <p>{{lang 'products.bulk_pricing.instructions'}}</p>\n            <ul>\n                {{#each bulk_discount_rates}}\n                <li>\n                    {{lang 'products.bulk_pricing.range' min=min max=max}}\n                    {{#if type '===' 'percent'}}\n                    {{lang 'products.bulk_pricing.percent' discount=discount.formatted}}\n                    {{else if type '===' 'fixed'}}\n                    {{lang 'products.bulk_pricing.fixed' discount=discount.formatted}}\n                    {{else if type '===' 'price'}}\n                    {{lang 'products.bulk_pricing.price' discount=discount.formatted}}\n                    {{/if}}\n                </li>\n                {{/each}}\n            </ul>\n        </div>\n    </div>\n{{/if}}\n",
  "components/products/price": "{{!-- There are 2 code paths for generating the PDP pricing HTML determined by the following #and condition.\nIf a 'price_range' exists then we generate all HTML in price-range.html, otherwise it is defined here. Both code\npaths generate the same HTML structure with some differences in whether that element is displayed by default (css styling).\n\nIf you are making a change here or in price-range.html, you probably want to make that change in both files. --}}\n\n{{#and price.price_range (if theme_settings.price_ranges '==' true)}}\n    {{> components/products/price-range price=price price-range-custom=price-range-custom}}\n{{else}}\n    {{#if price.with_tax}}\n        <div class=\"price-section price-section--withTax rrp-price--withTax{{#unless price.non_sale_price_with_tax}} price-none{{/unless}}\" {{#unless price.rrp_with_tax}}style=\"display: none;\"{{/unless}}>\n            <span style=\"display: none;\">\n                {{> components/products/price-label\n                    label_value=theme_settings.pdp-retail-price-label\n                }}\n            </span>\n            <span data-product-rrp-with-tax class=\"price price--rrp\">\n                {{price.rrp_with_tax.formatted}}\n            </span>\n        </div>\n        <div class=\"price-section price-section--withTax\">\n            <span class=\"price-label\"style=\"display: none;\">\n                {{theme_settings.pdp-price-label}}\n            </span>\n            <span class=\"price-now-label\" style=\"display: none;\">\n                {{> components/products/price-label\n                    label_value=theme_settings.pdp-sale-price-label\n                }}\n            </span>\n            <span data-product-price-with-tax class=\"price price--withTax\" data-value-price=\"{{price.with_tax.formatted}}\">{{price.with_tax.formatted}}</span>\n            {{#if price.without_tax}}\n                <abbr title=\"{{lang 'products.including_tax'}}\">{{lang 'products.price_with_tax' tax_label=price.tax_label}}</abbr>\n            {{/if}}\n        </div>\n        <div class=\"price-section price-section--withTax non-sale-price--withTax{{#unless price.non_sale_price_with_tax}} price-none{{/unless}}\" {{#unless price.non_sale_price_with_tax}}style=\"display: none;\"{{/unless}}>\n            <span style=\"display: none;\">\n                {{> components/products/price-label\n                    label_value=theme_settings.pdp-non-sale-price-label\n                }}\n            </span>\n            <span data-product-non-sale-price-with-tax class=\"price price--non-sale\">\n                {{price.non_sale_price_with_tax.formatted}}\n            </span>\n        </div>\n    {{/if}}\n    {{#if price.without_tax}}\n        <div class=\"price-section price-section--withoutTax rrp-price--withoutTax{{#if price.with_tax}} price-section--minor{{/if}}{{#unless price.non_sale_price_without_tax}} price-none{{/unless}}\" {{#unless price.rrp_without_tax}}style=\"display: none;\"{{/unless}}>\n            <span style=\"display: none;\">\n                {{> components/products/price-label\n                    label_value=theme_settings.pdp-retail-price-label\n                }}\n            </span>\n            <span data-product-rrp-price-without-tax class=\"price price--rrp\">\n                {{price.rrp_without_tax.formatted}}\n            </span>\n        </div>\n        <div class=\"price-section price-section--withoutTax\">\n            <span class=\"price-label\" style=\"display: none;\">\n                {{theme_settings.pdp-price-label}}\n            </span>\n            <span class=\"price-now-label\" style=\"display: none;\">\n                {{> components/products/price-label\n                    label_value=theme_settings.pdp-sale-price-label\n                }}\n            </span>\n            <span data-product-price-without-tax class=\"price price--withoutTax{{#if price.with_tax}} price-section--minor{{/if}}\" data-value-price=\"{{price.without_tax.formatted}}\">{{price.without_tax.formatted}}</span>\n            {{#if price.with_tax}}\n                <abbr title=\"{{lang 'products.excluding_tax'}}\">{{lang 'products.price_without_tax' tax_label=price.tax_label}}</abbr>\n            {{/if}}\n        </div>\n        <div class=\"price-section price-section--withoutTax non-sale-price--withoutTax{{#if price.with_tax}} price-section--minor{{/if}}{{#unless price.non_sale_price_without_tax}} price-none{{/unless}}\" {{#unless price.non_sale_price_without_tax}}style=\"display: none;\"{{/unless}}>\n            <span style=\"display: none;\">\n                {{> components/products/price-label\n                    label_value=theme_settings.pdp-non-sale-price-label\n                }}\n            </span>\n            <span data-product-non-sale-price-without-tax class=\"price price--non-sale\">\n                {{price.non_sale_price_without_tax.formatted}}\n            </span>\n        </div>\n    {{/if}}\n    {{#if page_type '===' 'product'}}\n         <div class=\"price-section price-section--saving price\" {{#unless price.saved}}style=\"display: none;\"{{/unless}}>\n                <span class=\"price\">{{lang 'products.you_save_opening_text'}}</span>\n                <span data-product-price-saved class=\"price price--saving\">\n                    {{price.saved.formatted}}\n                </span>\n                <span class=\"price\">{{lang 'products.you_save_closing_bracket'}}</span>\n         </div>\n    {{/if}}\n{{/and}}\n",
  "components/products/ratings": "<span role=\"img\" class=\"d-inline-block v-a-middle f-size-tiny rating-filter\"\n    {{#if rating_target}}\n      aria-label=\"{{lang 'products.reviews.rating_aria_label' rating_target=rating_target current_rating=rating max_rating=5}}\"\n    {{else}}\n      aria-label=\"{{lang 'products.reviews.rating_aria_label' rating_target='Product' current_rating=rating max_rating=5}}\"\n    {{/if}}\n>\n    {{#for 1 5}}\n        {{#if ../this.rating '>=' $index}}\n            <span class=\"icon icon--ratingFull\">\n                <svg>\n                    <use href=\"#icon-star\" />\n                </svg>\n            </span>\n        {{else}}\n            <span class=\"icon icon--ratingEmpty\">\n                <svg>\n                    <use href=\"#icon-star\" />\n                </svg>\n            </span>\n        {{/if}}\n    {{/for}}\n</span>\n",
  "components/common/login-for-pricing": "<p translate>{{lang 'common.login_for_pricing'}}</p>\n",
  "components/products/product-aria-label": "{{#and price.price_range (if theme_settings.price_ranges '==' true)}}\n    {{#and price.price_range.min.with_tax price.price_range.max.with_tax}}\n{{lang 'category.shop_by_price_range_aria'\n       from=price.price_range.min.with_tax.formatted\n       to=price.price_range.max.with_tax.formatted\n}}\n    {{else}}\n{{lang 'category.shop_by_price_range_aria'\n       from=price.price_range.min.without_tax.formatted\n       to=price.price_range.max.without_tax.formatted\n}}\n    {{/and}}\n{{else}}\n    {{#if price.with_tax}}\n        {{#if price.non_sale_price_with_tax}}\n{{> components/products/price-label\n    label_value=theme_settings.pdp-non-sale-price-label\n    fallback=(lang \"page_builder.pdp-non-sale-price-label\")\n}}{{price.non_sale_price_with_tax.formatted}},\n{{> components/products/price-label\n    label_value=theme_settings.pdp-sale-price-label\n    fallback=(lang \"page_builder.pdp-sale-price-label\")\n}}{{price.with_tax.formatted}}\n        {{else}}\n{{price.with_tax.formatted}}\n        {{/if}}\n    {{else}}\n        {{#if price.non_sale_price_without_tax}}\n{{> components/products/price-label\n    label_value=theme_settings.pdp-non-sale-price-label\n    fallback=(lang \"page_builder.pdp-non-sale-price-label\")\n}}{{price.non_sale_price_without_tax.formatted}},\n{{> components/products/price-label\n    label_value=theme_settings.pdp-sale-price-label\n    fallback=(lang \"page_builder.pdp-sale-price-label\")\n}}{{price.without_tax.formatted}}\n        {{else}}\n{{price.without_tax.formatted}}\n        {{/if}}\n    {{/if}}\n{{/and}}\n",
  "components/common/modal/modal-close-btn": "<button class=\"modal-close\"\n        type=\"button\"\n        title=\"{{lang 'common.close'}}\"\n        {{additional_attr}}\n>\n    <span class=\"aria-description--hidden\">{{lang 'common.close'}}</span>\n    <span aria-hidden=\"true\">&#215;</span>\n</button>\n",
  "components/products/price-range": "{{#and price.retail_price_range.min.with_tax price.retail_price_range.max.with_tax}}\n    <div class=\"price-section price-section--withTax rrp-price--withTax price-none\">\n        <span style=\"display: none;\">\n            {{> components/products/price-label\n                label_value=theme_settings.pdp-retail-price-label\n            }}\n        </span>\n        {{#if price-range-custom}}\n            <span data-product-rrp-price-with-tax class=\"price price--rrp\"><span class=\"price-from color-secondary d-block d-inline-block-xxl uppercase f-size-tiny f-medium\">{{lang 'common.from'}}</span>{{price.retail_price_range.min.with_tax.formatted}}</span>\n        {{else}}\n            <span data-product-rrp-price-with-tax class=\"price price--rrp\">{{price.retail_price_range.min.with_tax.formatted}} - {{price.retail_price_range.max.with_tax.formatted}}</span>\n        {{/if}}\n    </div>\n{{else}}\n    {{#if price.with_tax}}\n        <div class=\"price-section price-section--withTax rrp-price--withTax price-none\" style=\"display: none;\">\n            <span style=\"display: none;\">\n                {{> components/products/price-label\n                    label_value=theme_settings.pdp-retail-price-label\n                }}\n            </span>\n            <span data-product-rrp-with-tax class=\"price price--rrp\">\n                {{price.rrp_with_tax.formatted}}\n            </span>\n        </div>\n    {{/if}}\n{{/and}}\n{{#and price.price_range.min.with_tax price.price_range.max.with_tax}}\n    {{!-- Never display the \"non-sales price\" if there is a price range to be shown, but we do want the element on the page --}}\n    <div class=\"price-section price-section--withTax\">\n        <span class=\"price-label\" style=\"display: none;\">{{theme_settings.pdp-price-label}}</span>\n        <span class=\"price-now-label\" style=\"display: none;\">\n            {{> components/products/price-label\n                label_value=theme_settings.pdp-sale-price-label\n            }}\n        </span>\n        {{#if price-range-custom}}\n            <span data-product-price-with-tax class=\"price price--withTax\"><span class=\"price-from color-secondary d-block d-inline-block-xxl uppercase f-size-tiny f-medium\">{{lang 'common.from'}}</span>{{price.price_range.min.with_tax.formatted}}</span>\n        {{else}}\n            <span data-product-price-with-tax class=\"price price--withTax\">{{price.price_range.min.with_tax.formatted}} - {{price.price_range.max.with_tax.formatted}}</span>\n        {{/if}}\n        {{#and price.price_range.min.without_tax price.price_range.max.without_tax}}\n            <abbr title=\"{{lang 'products.including_tax'}}\">{{lang 'products.price_with_tax' tax_label=price.price_range.min.tax_label}}</abbr>\n        {{/and}}\n    </div>\n    <div class=\"price-section price-section--withTax non-sale-price--withTax price-none\" style=\"display: none;\">\n        <span style=\"display: none;\">\n            {{> components/products/price-label\n                label_value=theme_settings.pdp-non-sale-price-label\n            }}\n        </span>\n        <span data-product-non-sale-price-with-tax class=\"price price--non-sale\">\n            {{price.non_sale_price_with_tax.formatted}}\n        </span>\n    </div>\n{{/and}}\n{{#and price.retail_price_range.min.without_tax price.retail_price_range.max.without_tax}}\n    <div class=\"price-section price-section--withoutTax rrp-price--withoutTax{{#if price.with_tax}} price-section--minor{{/if}} price-none\">\n        <span style=\"display: none;\">\n            {{> components/products/price-label\n                label_value=theme_settings.pdp-retail-price-label\n            }}\n        </span>\n        {{#if price-range-custom}}\n            <span data-product-rrp-price-without-tax class=\"price price--rrp\"><span class=\"price-from color-secondary d-block d-inline-block-xxl uppercase f-size-tiny f-medium\">{{lang 'common.from'}}</span>{{price.retail_price_range.min.without_tax.formatted}}</span>\n        {{else}}\n            <span data-product-rrp-price-without-tax class=\"price price--rrp\">{{price.retail_price_range.min.without_tax.formatted}} - {{price.retail_price_range.max.without_tax.formatted}}</span>\n        {{/if}}\n    </div>\n{{else}}\n    {{#if price.without_tax}}\n        <div class=\"price-section price-section--withoutTax rrp-price--withoutTax{{#if price.with_tax}} price-section--minor{{/if}} price-none\" style=\"display: none;\">\n            <span style=\"display: none;\">\n                {{> components/products/price-label\n                    label_value=theme_settings.pdp-retail-price-label\n                }}\n            </span>\n            <span data-product-rrp-price-without-tax class=\"price price--rrp\">\n                {{price.rrp_without_tax.formatted}}\n            </span>\n        </div>\n    {{/if}}\n{{/and}}\n{{#and price.price_range.min.without_tax price.price_range.max.without_tax}}\n    {{!-- Never display the \"non-sales price\" if there is a price range to be shown, but we do want the element on the page --}}\n    <div class=\"price-section price-section--withoutTax{{#and price_range.min.with_tax price_range.max.with_tax}} price-section--minor{{/and}}\">\n        <span class=\"price-label\" style=\"display: none;\">{{theme_settings.pdp-price-label}}</span>\n        <span class=\"price-now-label\" style=\"display: none;\">\n            {{> components/products/price-label\n                label_value=theme_settings.pdp-sale-price-label\n            }}\n        </span>\n        {{#if price-range-custom}}\n            <span data-product-price-without-tax class=\"price price--withoutTax\"><span class=\"price-from color-secondary d-block d-inline-block-xxl uppercase f-size-tiny f-medium\">{{lang 'common.from'}}</span>{{price.price_range.min.without_tax.formatted}}</span>\n        {{else}}\n            <span data-product-price-without-tax class=\"price price--withoutTax\">{{price.price_range.min.without_tax.formatted}} - {{price.price_range.max.without_tax.formatted}}</span>\n        {{/if}}\n        {{#and price.price_range.min.with_tax price.price_range.max.with_tax}}\n            <abbr title=\"{{lang 'products.excluding_tax'}}\">{{lang 'products.price_without_tax' tax_label=price.price_range.min.tax_label}}</abbr>\n        {{/and}}\n    </div>\n    <div class=\"price-section price-section--withoutTax non-sale-price--withoutTax{{#if price.with_tax}} price-section--minor{{/if}} price-none\" style=\"display: none;\">\n        <span style=\"display: none;\">\n            {{> components/products/price-label\n                label_value=theme_settings.pdp-non-sale-price-label\n            }}\n        </span>\n        <span data-product-non-sale-price-without-tax class=\"price price--non-sale\">\n            {{price.non_sale_price_without_tax.formatted}}\n        </span>\n    </div>\n{{/and}}\n\n{{!-- Never display the \"saving price\" element by default if there is a price range on the page to be shown --}}\n{{#if page_type '===' 'product'}}\n     <div class=\"price-section price-section--saving price\" style=\"display: none;\">\n            <span class=\"price\">{{lang 'products.you_save_opening_text'}}</span>\n            <span data-product-price-saved class=\"price price--saving\">\n                {{price.saved.formatted}}\n            </span>\n            <span class=\"price\">{{lang 'products.you_save_closing_bracket'}}</span>\n     </div>\n{{/if}}\n",
  "components/products/price-label": "{{#if label_value}}\n    {{label_value}}\n{{/if}}\n"
}