{
  "components/common/breadcrumbs": "<nav class=\"breadcrumbs-content bg-white b-r-10 pos-relative{{#if theme_settings.disable_full_breadcrumbs}} is-scroll{{/if}}\" aria-label=\"Breadcrumb\">\n    <ol class=\"breadcrumbs disable-srollbar\">\n        {{#unless theme_settings.hide_breadcrumbs }}\n            {{#each breadcrumbs}}\n                <li class=\"breadcrumb {{#if @last}}is-active{{/if}}\">\n                    <a class=\"breadcrumb-label d-inline-block v-a-middle\"\n                       href=\"{{url}}\"\n                       {{#if @last}}aria-current=\"page\"{{/if}}\n                    >\n                        <span style=\"-webkit-box-orient: vertical;\">{{name}}</span>\n                    </a>\n                </li>\n            {{/each}}\n        {{/unless}}\n    </ol>\n</nav>\n\n<script type=\"application/ld+json\">\n{\n    \"@context\": \"https://schema.org\",\n    \"@type\": \"BreadcrumbList\",\n    \"itemListElement\":\n    [\n        {{#each breadcrumbs}}\n        {\n            \"@type\": \"ListItem\",\n            \"position\": {{add @index 1}},\n            \"item\": {\n                \"@id\": {{{JSONstringify url}}},\n                \"name\": {{{JSONstringify name}}}\n            }\n        }{{#unless @last}},{{/unless}}\n        {{/each}}\n    ]\n}\n</script>\n"
}